{"x1_4326": 107.01756622544399, "x1_original": 723126.5773907423, "y1_original": 9283670.14282585, "crs": "32748", "y1_4326": -6.476574301094427, "x2_original": 725146.5773907423, "x2_4326": 107.0357864703483, "y2_original": 9284700.14282585, "y2_4326": -6.467189783177077}